{"cameraMode":{"drawMode":0,"name":"Shaded","section":"Shading Mode"},"sceneLighting":true,"audioPlay":false,"sceneViewState":{"showFog":true,"showMaterialUpdate":false,"showSkybox":true,"showFlares":true,"showImageEffects":true,"showParticleSystems":true},"in2DMode":false,"pivot":{"x":10.731746673583985,"y":5.713109493255615,"z":208.85601806640626},"rotation":{"x":-0.03237533941864967,"y":0.9666824340820313,"z":-0.15649890899658204,"w":-0.19998537003993989},"size":9.74512004852295,"orthographic":false}