{"cameraMode":{"drawMode":0,"name":"Shaded","section":"Shading Mode"},"sceneLighting":true,"audioPlay":false,"sceneViewState":{"showFog":true,"showMaterialUpdate":false,"showSkybox":true,"showFlares":true,"showImageEffects":true,"showParticleSystems":true},"in2DMode":false,"pivot":{"x":-1.698702335357666,"y":-19.94092559814453,"z":223.429443359375},"rotation":{"x":0.0021614746656268837,"y":0.8763943910598755,"z":-0.4816248416900635,"w":0.003946753218770027},"size":19.96095085144043,"orthographic":false}