{"cameraMode":{"drawMode":0,"name":"Shaded","section":"Shading Mode"},"sceneLighting":true,"audioPlay":false,"sceneViewState":{"showFog":true,"showMaterialUpdate":false,"showSkybox":true,"showFlares":true,"showImageEffects":true,"showParticleSystems":true},"in2DMode":false,"pivot":{"x":-1.0618114471435547,"y":2.7210941314697267,"z":-0.4967012405395508},"rotation":{"x":-0.0610806830227375,"y":0.9085971713066101,"z":-0.14319051802158357,"w":-0.3875795006752014},"size":10.0,"orthographic":false}