{"cameraMode":{"drawMode":0,"name":"Shaded","section":"Shading Mode"},"sceneLighting":true,"audioPlay":false,"sceneViewState":{"showFog":true,"showMaterialUpdate":false,"showSkybox":true,"showFlares":true,"showImageEffects":true,"showParticleSystems":true},"in2DMode":false,"pivot":{"x":1.5519791841506959,"y":1.5503791570663453,"z":272.98565673828127},"rotation":{"x":-0.0006561318296007812,"y":0.9757852554321289,"z":-0.21871709823608399,"w":-0.002927345922216773},"size":9.74512004852295,"orthographic":false}